file,stepLimit,time,tests,outcome,steps,jumps
20060302-08:37:20-b8c86c351fe390ea1b61a078bd334bcb.seminal.ml,500,3.490447998046875e-4,1,U,3,1
20060302-11:44:52-24ef771985d7d045ba7b08750298e016.seminal.ml,500,1.1510133743286133e-2,1,B,3,2
20060302-17:13:10-a8f4767ee6e6a7cde277182e105bfabc.seminal.ml,500,8.771419525146484e-4,1,U,5,3
20060302-17:24:50-0043a91b08c0d77c155551e167ad8e89.seminal.ml,500,1.7130374908447266e-3,1,U,5,4
20060302-17:25:04-7cc4ff612923f8094e8eb5f72b0e1f2c.seminal.ml,500,9.860992431640625e-4,1,U,6,5
20060302-17:41:14-78b119ef8daf7487521aecd4d482c13c.seminal.ml,500,4.23884391784668e-3,1,U,8,3
20060302-17:56:00-27ff2306cdb017964c28aea1d4f4f156.seminal.ml,500,2.274036407470703e-3,1,U,9,3
20060302-17:59:30-23a435cfd9bc233c44ea620d0de3c444.seminal.ml,500,1.8129348754882813e-3,1,U,4,2
20060302-18:51:58-07c030b8599493d2dad778213c2451af.seminal.ml,500,1.4448165893554688e-3,1,U,5,3
20060302-19:07:08-0c9a74768b1ce28cda245bf0300484f0.seminal.ml,500,1.4653921127319336e-2,3,U,13,2
20060302-19:14:56-24471d7711961e7e9bd5c4e991485f01.seminal.ml,500,1.7045021057128906e-2,3,U,32,4
20060302-19:21:02-d5696c8c12ef82896f4e7eced60e32c8.seminal.ml,500,1.9450902938842773e-2,4,U,17,2
20060302-21:10:04-38dc8291e8c39612a75396c81f0ca005.seminal.ml,500,3.209829330444336e-3,1,B,4,2
20060302-21:11:18-9acb449819ae09c9d5f0d8926e89c41d.seminal.ml,500,1.856088638305664e-3,1,B,4,2
20060303-20:46:42-1b35868bafe72205ea7e97084a3529eb.seminal.ml,500,1.1310577392578125e-3,1,U,2,1
20060303-20:51:08-b1062ae1e521cf11892c663425a3dda8.seminal.ml,500,9.769916534423828e-3,3,U,12,4
20060303-20:53:58-e021a562c275370c34ca3ba963367424.seminal.ml,500,1.9330978393554688e-3,1,U,5,2
20060303-20:55:22-064afe0d9316ae21541c6f1171f85982.seminal.ml,500,9.441375732421875e-4,1,U,5,2
20060303-20:59:18-cec313538dab60fdbdbd549d4dfc8c22.seminal.ml,500,4.354000091552734e-3,2,B,6,2
20060303-21:49:20-2bc1510b76bf11ac93785858fe7225ee.seminal.ml,500,2.180459976196289,1000,S,0,0
20060303-22:00:40-01a5cb3bf91aa2112c2a6c4201763826.seminal.ml,500,0.774716854095459,1,U,8,3
20060305-20:46:34-89ba339c95f447a2829dad7d635f79f0.seminal.ml,500,0.7807140350341797,1,U,2,1
20060305-21:49:26-9fc379ff0ebf471cca400f4c3b144205.seminal.ml,500,3.5398006439208984e-3,3,U,3,2
20060305-21:54:22-225f629e0d1a262f23af4cbcfa099317.seminal.ml,500,8.538007736206055e-3,3,U,8,3
20060305-21:56:00-9af22179cf4408715cbf337f5c3a534f.seminal.ml,500,9.036064147949219e-3,4,U,20,3
20060305-22:14:52-12016d8b3cdc445959e85885bbc00c77.seminal.ml,500,0.9622769355773926,1,U,125,19
20060305-22:23:52-2cddd39a2e0ba2ddb9831a32c8c470f4.seminal.ml,500,4.122018814086914e-3,1,U,13,2
20060305-22:25:00-bfad48a8bb7388bdd92708919b46cbb2.seminal.ml,500,3.792383909225464,1000,S,0,0
20060306-08:28:18-863fd9c993226acc0132a40c3f5d3b7e.seminal.ml,500,0.3757021427154541,1,U,2,1
20060306-08:32:58-cadc6088100ec722ce0c8ab60e81a45a.seminal.ml,500,1.4371156692504883e-2,4,U,17,5
20060306-08:33:16-ec35aa1715ccf5f5b7fff55effcc06f0.seminal.ml,500,9.2803955078125e-2,4,U,95,18
20060306-08:37:02-47b330576eb70ab4b956307ff1978ccc.seminal.ml,500,0.4558842182159424,1,U,2,1
20060306-08:46:54-c09bb5fa4ade9b9834ebc0e95c303f20.seminal.ml,500,5.63502311706543e-3,2,U,6,2
20060306-09:32:26-9dfb57b0785b1229719704e079d51228.seminal.ml,500,1.7834901809692383e-2,4,U,23,7
20060306-09:54:52-94bacf5a48d35fd1aa367bc565cc4abd.seminal.ml,1000,60.00500011444092,1,T,0,0
20060308-15:14:15-b4673217f9f876ace714063f276c1cb7.seminal.ml,500,2.7208328247070313e-3,1,U,4,2
20060308-15:14:55-8b55587ab02b2e74f5be9a1620ad164b.seminal.ml,500,2.7647018432617188e-2,6,U,18,5
20060308-16:27:14-d2561594acb510c00ce747e7e54b07de.seminal.ml,500,0.4956068992614746,1,U,418,97
20060308-16:43:26-9fc4f621ad5235ecb0a0bfe70ddbac27.seminal.ml,1000,1.223527193069458,1,U,669,157
20060308-17:49:12-350bb6231959f879ee62f44461de9e70.seminal.ml,500,1.6277074813842773e-2,1,U,21,5
20060308-17:58:24-ba6b10619bc62fead2d1d1fc3e4bcfc0.seminal.ml,500,2.4630069732666016e-2,3,U,27,7
20060308-18:17:57-53a3b527552c251aa1421ce37caa859c.seminal.ml,1000,1.895866870880127,1,U,871,221
20060308-19:14:09-035509263a843a367f5130529c008817.seminal.ml,500,6.489992141723633e-3,1,U,7,2
20060308-19:19:12-06937106ff3926fe3963a0e5d3b99347.seminal.ml,500,5.207991600036621e-2,3,U,31,8
20060308-19:36:26-98875b907492a273c971c6c3494ccbbc.seminal.ml,3000,14.119189977645874,1,T,0,0
20060308-19:58:35-73bc04d94b0b091a44df19c1baaf55f3.seminal.ml,3000,14.424307107925415,1,T,0,0
20060311-23:38:59-d8f33461447ecf33f137a33374ccfae1.seminal.ml,500,0.1593160629272461,9,U,42,7
20060311-23:47:13-bb5548edde7545872f33b6b15649642f.seminal.ml,500,0.7831728458404541,103,U,14,3
20060312-00:01:00-e429466fc820ac64a608a8302289bcb7.seminal.ml,500,2.5179386138916016e-3,2,U,5,2
20060312-00:02:53-b5e4fbb55ad62a0991139e6650717758.seminal.ml,500,1.7230510711669922e-3,1,U,6,2
20060312-00:03:36-75e554ed461a798f3b14545e2dfb6e02.seminal.ml,500,5.197787284851074e-2,4,U,62,12
20060313-20:23:36-95bbcfafa3a38ccac06f556bd50a04cc.seminal.ml,500,9.62209701538086e-3,2,U,22,6
20060313-22:34:26-a82a6e4c5612542497388ac707e1afcf.seminal.ml,500,1.551198959350586e-2,2,U,14,4
20060313-22:39:42-644d210e9d66cf006f61c64435b0efb3.seminal.ml,500,7.6389312744140625e-3,2,U,14,3
20060313-23:03:58-c9d9c96a5c92d44ea888b2bf8287ed92.seminal.ml,500,1.913905143737793e-2,3,U,28,5
20060316-15:04:22-646d45fc661ea972e495854dafda19d7.seminal.ml,500,1.6078948974609375e-3,1,U,5,2
20060316-17:28:56-cb82b8e194910fe2ced3aab54f0a7577.seminal.ml,500,6.584882736206055e-3,1,U,18,5
20060316-17:48:30-214ae1ff72fdc57fe9fcb9d441c5126a.seminal.ml,500,1.2506961822509766e-2,2,U,28,8
20060316-18:23:48-78d82e8a55cd9a83edca023c74a4cc32.seminal.ml,500,3.342866897583008e-3,1,U,5,2
20060316-18:34:06-d422060219a7891f487cd20b421acb81.seminal.ml,500,1.4570951461791992e-2,3,U,31,10
20060316-18:53:54-be762b624eb6b35410f5e00547f2a579.seminal.ml,500,6.942033767700195e-3,1,U,19,5
20060316-19:34:40-21991f746ce1d63c2b7ecd57ca2fccea.seminal.ml,500,0.1090550422668457,1,U,47,11
20060316-23:07:58-2378bc775661a7c89604be96966c4259.seminal.ml,500,4.51207160949707e-3,1,U,14,2
20060316-23:15:56-8740564a90852da99c1d1bd7bef8897e.seminal.ml,500,5.958700180053711e-2,4,B,14,3
20060316-23:16:56-c5c2fe4b8bf744437e4adaf36529464b.seminal.ml,500,7.520008087158203e-2,7,B,14,3
20060317-20:59:10-62548773f8854de2f4ec54a035814283.seminal.ml,500,2.6437997817993164e-2,3,U,12,3
20060317-20:59:44-36ef05a00938aacce23d0d13a4c3a945.seminal.ml,500,0.6691038608551025,6,U,174,24
20060317-21:37:11-096a01551f7cdd335b3d20437b761729.seminal.ml,500,6.227970123291016e-3,2,U,12,3
20060317-22:27:21-c75f0b5055a771be100553afb174be0d.seminal.ml,500,6.6509246826171875e-3,1,U,13,4
20060317-22:27:40-749212b202dba76c8efe1df72c2fa36c.seminal.ml,1000,2.830195426940918e-2,1,U,26,6
20060319-13:25:22-d82ce217b923933f541e5e4c291912ff.seminal.ml,500,1.9381046295166016e-3,1,U,2,1
20060319-13:26:52-dfb16e91c8f77833a400015941114cd0.seminal.ml,500,7.342815399169922e-2,6,U,7,3
20060319-13:43:18-06b44c2851b0cf81bcb54bfa7f1abe36.seminal.ml,500,5.343914031982422e-3,1,U,13,4
20060319-14:09:00-2446404578b9f18bfa9723208c094098.seminal.ml,500,1.749897003173828e-2,5,U,25,7
20060319-14:52:14-bd3d537e5d622471db44fef57470b962.seminal.ml,500,1.0799884796142578e-2,1,U,28,7
20060319-15:07:50-8f39f32b5a36e11a9464ad6fec165b06.seminal.ml,500,1.6724109649658203e-2,2,U,33,8
20060319-18:31:02-58a2a6ce864ad7931326ad63f6ecd7dc.seminal.ml,500,4.0602684020996094e-4,1,U,2,1
20060319-18:48:20-a64278e668714e05e9749ccd7ca65773.seminal.ml,500,1.9299983978271484e-3,1,U,1,1
20060319-18:49:00-0ea44925eea84a1e4d0c6ce516154075.seminal.ml,500,3.592967987060547e-3,1,U,2,1
20060319-19:23:28-3cc736accbce3e21a783db2d0f187c96.seminal.ml,500,0.7794759273529053,94,U,33,7
20060319-19:25:12-f00bf018aea70324f68ac0ba0f808cae.seminal.ml,500,9.575063943862915,1000,S,0,0
20060319-19:42:18-5f0bde7ab1d576545f4d89f88dab34e9.seminal.ml,500,8.72490406036377e-2,9,U,24,7
20060319-19:49:56-1687e8b7d88c855ff1225445c6cbd4e3.seminal.ml,500,6.816640853881836,1000,S,0,0
20060319-20:05:30-6fc146372dae315728baa58e4bee26df.seminal.ml,500,3.767043113708496,1000,S,0,0
20060319-20:09:28-2e71af609448d8c60fd4e0273e9ff9bd.seminal.ml,500,8.860111236572266e-3,1,U,14,4
20060319-20:12:50-9e05cf3ce7d3e32b370b305e43ceb96e.seminal.ml,500,7.49199390411377e-2,6,U,22,6
20060319-20:22:42-d63e90715d3fa73c6f01d82b97c2c2b9.seminal.ml,500,7.573485374450684e-2,5,U,21,5
20060319-20:25:40-ab4845a572308a5afc057b8957487498.seminal.ml,500,5.785202980041504e-2,3,U,40,6
20060319-20:31:44-c7d3dae870ff326c6e2fd8bf9e61eaac.seminal.ml,1000,9.665749073028564,1,U,4,1
20060319-20:33:22-bcfa231f83876c0dc43b07ef583566dd.seminal.ml,500,0.13068795204162598,5,U,70,9
20060319-20:50:52-35197c77367f54669cee073b06fe3d9f.seminal.ml,500,2.5691986083984375e-2,3,U,14,4
20060319-20:54:18-c6f1941f5de39e516e26f06cc990b9ca.seminal.ml,1000,9.62113094329834,1,U,1,1
20060319-21:34:00-e26e787a429e0f90295aee0f257622a1.seminal.ml,500,0.22084307670593262,10,U,64,13
20060319-22:34:04-69a3d06e7473a44a841727a7bc995e4d.seminal.ml,500,4.057884216308594e-4,1,U,3,1
20060320-21:58:04-f7044a0bdc8cde607fca13b12e891e22.seminal.ml,500,6.020069122314453e-3,1,U,6,1
20060320-22:38:06-708bc29e217c4928054fc822a3c96238.seminal.ml,500,0.3025810718536377,7,U,28,5
20060321-14:46:28-05145270d2aab43fd3bd842cc07baf1c.seminal.ml,500,9.10806655883789e-3,3,U,20,5
20060321-14:59:04-b1275c5a9b0b11add3e4dd1a9b0bf13c.seminal.ml,500,5.765199661254883e-3,1,U,15,5
20060321-15:25:48-2255f168a336d2981038c536d51364a3.seminal.ml,500,4.724979400634766e-3,2,U,8,3
20060321-15:34:36-8c2ed57505ebdb3c66f90b66ae3e8b87.seminal.ml,500,2.9545068740844727e-2,4,U,46,13
20060321-16:03:46-b0d9a3963e06527effc0d63025a8d667.seminal.ml,500,4.8100948333740234e-3,1,U,11,4
20060321-16:05:32-9fac1c5709dc4756677dea761359bb07.seminal.ml,500,2.490997314453125e-3,1,U,3,1
20060321-17:27:50-28fab13e4dbcd9ee742bdff83acf1462.seminal.ml,500,5.415262937545776,1000,S,0,0
20060321-17:38:52-5224914e10b7b5eacd09bb21ab53a674.seminal.ml,500,8.912920951843262,1000,S,0,0
20060321-17:40:30-9d28fd9356cc4ade9bdd5c09496600fa.seminal.ml,500,1.1270580291748047,10,U,121,16
20060321-17:41:14-5ad417e97b8ab19fbfb89db95c99c846.seminal.ml,1000,60.02042007446289,1,T,0,0
20060321-17:57:34-7409001b9d9b81b4015c0221ea72118a.seminal.ml,500,8.862972259521484e-3,1,U,5,2
20060321-18:07:56-3c4adbec38600fff622eabc0dbcae305.seminal.ml,500,6.4280033111572266e-3,1,U,2,1
20060321-19:13:54-3266bbae2ef5c3a941538a6481a5e5d5.seminal.ml,500,1.200721025466919,6,D,0,0
20060321-20:20:44-5df57b343df5a403116c396481a3d568.seminal.ml,500,4.830360412597656e-4,1,U,1,1
20060321-21:07:58-0ebbcafc7586fac16a56ba7b103f69f7.seminal.ml,500,3.750324249267578e-4,1,U,1,1
20060321-21:29:28-0b780c5b4ffcfe2968cb8e73cefa3897.seminal.ml,500,4.3892860412597656e-4,1,U,1,1
20060321-21:38:22-dde7db6405ce5ba9ae626405e061c4a3.seminal.ml,500,5.657005310058594e-2,5,U,19,3
20060321-22:08:35-80305c5562a7971b78c8db75d01d0fd0.seminal.ml,500,0.14516401290893555,6,U,31,4
20060322-00:21:12-0ccd603b43d0ef97d3e539c3f0925073.seminal.ml,500,0.16515707969665527,4,U,13,3
20060322-00:47:36-635d92e5e80fdb07be8405858041dcbd.seminal.ml,500,1.5379905700683594e-2,1,U,8,3
20060322-01:15:12-8f2c701fedc5409bb06ec8282652a352.seminal.ml,500,4.6939849853515625e-3,1,U,11,2
20060322-02:34:06-a881a82dd5534a442bf71f2fcd057d33.seminal.ml,1500,0.22629404067993164,6,U,54,8
20060322-08:30:28-3f81c07149bfccbd0e3179bdf8a9aadd.seminal.ml,500,4.410743713378906e-4,1,U,3,1
20060322-13:34:44-8717549412aa814d6b0771c1f94c17fb.seminal.ml,500,1.840829849243164e-3,1,U,2,2
20060322-13:40:08-aefea9de8bb3118803308ceeadaec76e.seminal.ml,500,4.293918609619141e-3,1,U,11,4
20060322-14:52:42-79d266181ace652898dfea63f34d1e95.seminal.ml,500,7.936382293701172e-2,12,U,13,3
20060322-15:04:54-ac4a1848657627cfd6df53804ad2c8f5.seminal.ml,500,7.993602752685547e-2,5,U,58,6
20060322-15:33:54-702b0150ab82b8d3fe04d50824f66378.seminal.ml,500,2.279043197631836e-3,1,B,9,2
20060322-15:37:15-a3b57f848696e7fb4e0c7b52ec319871.seminal.ml,500,0.1727290153503418,4,U,34,6
20060322-15:37:30-cccd2d578960e5ca742dca45d4bd04e4.seminal.ml,500,0.24949407577514648,9,U,100,7
20060322-15:37:56-7674fa2cf2a648a9e414034e5ffccee5.seminal.ml,500,0.2870519161224365,5,U,140,18
20060322-16:31:04-5b9363ed9af2fc88ae57b56a5baca160.seminal.ml,500,12.703001022338867,1000,S,0,0
20060322-16:38:10-626e570c3d6f0bf644688095ee05e7aa.seminal.ml,500,7.183277130126953,1000,S,0,0
20060322-16:59:16-2aaeed2af3e729eac5c7ce6df6aa8bab.seminal.ml,500,9.012856006622314,1000,S,0,0
20060322-19:48:26-8031f6467e8fc7179ce5fd1072500ce0.seminal.ml,500,1.9199848175048828e-3,1,U,5,2
20060322-20:07:20-8a106f89f15ecfb4570c9918256c0e5a.seminal.ml,500,3.0323028564453125e-2,2,U,35,5
20060322-20:08:36-a8f43066cc9b2fd09808dd2eb10c07f9.seminal.ml,500,5.416083335876465e-2,5,U,10,3
20060322-20:42:10-898d93a908e3393e99cf3e0027384a19.seminal.ml,500,0.40163588523864746,8,U,18,3
20060322-20:53:12-8240b6c0f1e8fb463aae7ab123a6ad8d.seminal.ml,500,3.028106689453125e-2,2,U,27,6
20060323-08:35:44-95aa68925746f2cfecd00300845fb947.seminal.ml,500,4.824039936065674,389,D,0,0
20060323-08:43:40-4ea7768a439a9c9693ab1dd8a5a3e1ae.seminal.ml,500,6.039881706237793e-2,4,U,32,7
20060323-09:29:18-4d4687569f144490d021a1f614083ab6.seminal.ml,500,0.18471002578735352,4,U,47,9
20060323-10:36:10-23f563f30054417a24188e71c358a86b.seminal.ml,500,0.11123394966125488,8,U,12,3
20060323-13:43:52-9b3c922faea5332ae7dcbdd3542cf6bb.seminal.ml,500,2.8701066970825195e-2,1,U,1,1
20060323-14:46:06-12e2638acf73c54ba75337e4a67e0897.seminal.ml,500,60.00404095649719,1,T,0,0
20060323-15:47:38-bdbf194565202f6e6e0fcc814a9c01e7.seminal.ml,500,0.11730289459228516,12,U,12,3
20060323-16:46:00-99a4dfd320923a6e786e35326d72280c.seminal.ml,500,4.1004180908203125e-2,1,U,29,5
20060323-16:46:40-3a2db0aab4cec751ce06a6163c6a0997.seminal.ml,500,4.2105913162231445e-2,1,U,28,5
20060323-16:53:28-5eb5ae97e73aab35aca11490ff920390.seminal.ml,500,4.843902587890625e-2,1,U,28,5
20060323-17:18:26-1bf4fc01326e093960cc57ae9a5f103b.seminal.ml,500,9.718894958496094e-3,1,U,2,1
20060323-17:29:24-d7203127fc75715cee8a22185e150384.seminal.ml,500,9.428977966308594e-3,1,U,3,1
20060323-17:33:44-58be7bcdf9f4bd84f0e8595e2e98e45e.seminal.ml,500,1.711893081665039e-2,1,U,19,3
20060323-17:33:52-51c48edc0bc2623b785d08afb1344a7d.seminal.ml,500,0.26351094245910645,1,U,2,1
20060323-17:42:56-fde71158703a08ba423540e01ef09474.seminal.ml,500,0.10831403732299805,5,U,69,9
20060323-17:43:30-1b93c486fae4bb533744e65e09c11cdc.seminal.ml,500,6.0853004455566406e-2,6,U,64,11
20060323-17:53:24-a64241aa861dc6d7d3671fc0eed904ec.seminal.ml,500,2.039194107055664e-2,7,U,15,3
20060323-18:18:26-dcbd6b61400ff0cc8088df3b9bf9ec58.seminal.ml,500,0.8509910106658936,6,U,80,8
20060323-18:20:56-215cf04f284998f18aa9a297f6c69cae.seminal.ml,500,1.7380714416503906e-3,1,U,2,2
20060323-18:23:06-e8617e33234ad0d0b1db0cca97888631.seminal.ml,500,1.5721421241760254,7,U,122,13
20060323-18:45:02-8c83180cdb55405fceb028edc3b8e52f.seminal.ml,500,1.2035188674926758,6,U,234,17
20060323-20:07:14-1ff99f5b5d1579e4b5f2712f7687bb64.seminal.ml,500,0.302501916885376,4,U,65,10
20060323-20:16:12-f769124d67c2d8b1ba60882729d52b66.seminal.ml,500,0.24910616874694824,4,D,0,0
20060323-21:30:30-8708affd60c03e76b1b80f206b86f42a.seminal.ml,500,0.14516901969909668,4,U,32,5
20060323-21:50:16-0a01d9e97b5fb61deca9c42f7b87e874.seminal.ml,2000,60.007107973098755,1,T,0,0
20060323-22:04:56-2161ca6d347b52d7dbd370350b463115.seminal.ml,500,1.718592643737793e-2,1,U,2,1
20060323-22:20:22-4e5f88ae07be062df109ed5701cbef33.seminal.ml,2000,60.002569913864136,1,T,0,0
20060323-22:43:36-a87f4de68f6bf8428673d8b8bab3f579.seminal.ml,500,1.3506889343261719e-2,1,U,9,1
20060323-22:59:04-39ece06ece66c8dc880ee10675819a09.seminal.ml,500,6.4470767974853516e-3,4,U,13,3
20060323-22:59:38-e7c2c654f54054eb7c19d03cfec68e3b.seminal.ml,500,3.2079219818115234e-3,1,U,11,4
20060323-23:05:28-8208a05059a4335cea94c878a710ddd0.seminal.ml,500,7.161855697631836e-3,1,U,13,4
20060323-23:11:28-c24ddccacfbcdc668613ca92ad083c49.seminal.ml,500,2.7320384979248047e-3,1,U,2,1
20060323-23:12:42-0cdc8336167ed8e67ba5a2f8e22bed49.seminal.ml,500,1.3638973236083984e-2,1,U,29,10
20060323-23:27:42-7911ad31a60a0c09a7cb35ea3b402363.seminal.ml,500,1.7688274383544922e-3,1,B,5,2
20060323-23:34:54-e5657a429599e48a5306fa79011f83cd.seminal.ml,500,3.13735294342041,1000,S,0,0
20060323-23:58:10-8a98128ae553a921e83e0e588be1843b.seminal.ml,500,0.12424898147583008,6,U,15,3
20060324-10:21:08-1099c20635149bf4c21dae977b473fa7.seminal.ml,500,4.31060791015625e-4,1,U,1,1
20060324-11:54:50-493d658d01a1323b9f1da1c0ae811325.seminal.ml,500,3.170967102050781e-4,1,U,1,1
20060324-11:55:50-f2f7f0e7c9ad0f9553a24b4cb7d4a247.seminal.ml,500,3.3402442932128906e-4,1,U,1,1
20060324-11:58:26-d434312dfde528e7d5f0dc87a9807aeb.seminal.ml,500,3.4880638122558594e-4,1,U,1,1
20060324-11:59:18-bf001761f7012c241e4087c39d2e9776.seminal.ml,500,3.268718719482422e-4,1,U,1,1
20060324-12:01:30-c9e982702b75e6ace803eee5f5d31401.seminal.ml,500,2.4700164794921875e-4,1,U,1,1
20060324-19:51:52-4c4952762d71314d3fdcccdf6da3c0f2.seminal.ml,500,1.2067794799804688e-2,1,U,21,3
20060324-19:59:26-89f2326d390889b438f85e767726a3c5.seminal.ml,500,6.311202049255371e-2,1,U,28,5
20060324-20:36:24-68e526075e57827da7dad3c70b4b8d6a.seminal.ml,500,5.3648948669433594e-2,1,U,30,5
20060324-20:42:22-82e990cb0822742ed266ee2df00e23e6.seminal.ml,500,6.193804740905762e-2,1,U,30,5
20060324-20:45:28-232a876d350ebc97006824843fc62110.seminal.ml,500,4.248619079589844e-4,1,U,1,1
20060324-22:00:17-ecdfe52e272243e86b6b7a8128d95dd3.seminal.ml,500,4.168033599853516e-3,1,U,11,3
20060324-22:00:33-db93e113469e7bb804bada46ace29e7a.seminal.ml,500,3.15093994140625e-3,1,U,11,4
20060324-22:01:55-60f7617e7e801a26ea584bcc86751861.seminal.ml,500,1.0220050811767578e-2,3,U,17,5
20060324-22:04:48-ca1773b81b82f426df3e9e7e4632b399.seminal.ml,500,4.168987274169922e-3,1,U,11,3
20060324-22:07:48-d2b75cb83836da475118ae658501a5ca.seminal.ml,500,0.9283812046051025,8,D,0,0
20060324-22:08:00-d2df9ba9c697ee7e1b27b4b952dcdd4a.seminal.ml,500,7.117319107055664e-2,5,U,11,3
20060324-22:24:46-8ab05dd4986d17d763e509d04ea02fde.seminal.ml,3000,21.179670810699463,1,T,0,0
20060324-22:33:45-794856d6d57de6aec959bc9221c45eb6.seminal.ml,500,3.3631324768066406e-3,1,U,9,2
20060324-22:37:56-14013c68b574056a18cf98eb43cf3811.seminal.ml,500,0.7785398960113525,8,D,0,0
20060324-22:39:30-c619291e201e563ad9550d8cd7acb5f0.seminal.ml,500,0.49105000495910645,6,D,0,0
20060324-22:39:43-eebf94185c695dc23122f1f8a3b05347.seminal.ml,500,0.7476840019226074,96,U,32,6
20060324-22:45:51-9b07192b0a6d5857aee50032d33ab030.seminal.ml,500,4.125094413757324e-2,4,U,13,3
20060324-22:46:18-435497b4fd7d69acd543ff31eea2fb72.seminal.ml,500,0.9885308742523193,8,D,0,0
20060324-22:53:08-18b6d1fa1b4022dcf41a6276b9ca9fc9.seminal.ml,500,1.347031831741333,10,D,0,0
20060324-22:57:22-f4d3fc8cbafcab94ceae8ce7d40c51a5.seminal.ml,500,9.449958801269531e-3,1,U,2,1
20060324-23:04:56-f1d095019a8df3560f887b998e607db5.seminal.ml,500,7.203197479248047e-2,6,U,15,3
20060325-09:30:54-e182e9092714cced8953b2f5b29145da.seminal.ml,500,3.921985626220703e-3,1,U,4,2
20060325-09:41:54-7dbacbbb2d533f44a1db48037fe31cbd.seminal.ml,500,3.976082801818848e-2,1,U,4,2
20060328-14:00:48-8da9cf0dfa8df41870d6ee216a089637.seminal.ml,500,2.7297768592834473,39,U,90,18
20060329-19:32:13-413085166cad1985799707383569fe55.seminal.ml,500,0.36946797370910645,1,U,4,1
20060401-08:09:20-9b97df096c7b5d2aa43c35e50188230c.seminal.ml,500,0.22986412048339844,16,U,34,6
20060403-20:09:44-6a44548eed87d4b6e6201e799844d20c.seminal.ml,3000,60.012205839157104,1,T,0,0
20060403-20:43:16-b07f4d13cabbbd98858efb4e21fb2f2e.seminal.ml,500,5.095100402832031e-2,4,U,20,5
20060403-21:25:44-455f9320f05e875d718926bbafb03dd9.seminal.ml,500,0.42618799209594727,8,U,6,2
20060403-21:35:06-110b4ff4ab239ddf2024c924f7b24c81.seminal.ml,3000,60.01580309867859,1,T,0,0
20060403-23:29:52-92f0c4405907a1f677168b5773c9c0a9.seminal.ml,500,11.251775026321411,356,U,142,28
20060403-23:30:42-935cb5f8947224ca15c05bc1b31c5394.seminal.ml,500,0.3163259029388428,18,U,47,7
20060403-23:31:40-acb953a7a447b99f3a44d62c523c0ade.seminal.ml,1000,10.416915893554688,409,U,71,10
20060404-22:13:52-137af8b879346e055957a720071ea44e.seminal.ml,2500,60.00196599960327,1,T,0,0
20060404-22:15:04-5f68f13050763ebfd26af1dc16f0ea9f.seminal.ml,3000,60.016894817352295,1,T,0,0
20060404-22:23:08-8982c9c35730867ec38c6a14fbd2ebba.seminal.ml,3000,60.00161099433899,1,T,0,0
20060405-11:30:40-3b59839ff274888dc397e3bb11f47e38.seminal.ml,2500,60.006277084350586,1,T,0,0
20060405-20:30:56-fbd72970e1c774661ada3799804de280.seminal.ml,500,0.8263001441955566,7,U,165,31
20060405-20:41:02-03a9838eef87a5baf5d05bd769e72274.seminal.ml,3000,60.00617218017578,1,T,0,0
20060406-11:05:36-7beaaeb582c5ffce2f318b0abe8d1ff6.seminal.ml,500,0.10889792442321777,16,U,19,7
20060406-11:17:50-f3fec0a8ebf80f9b609a4bd6698f4c33.seminal.ml,500,0.4873509407043457,19,U,52,10
20060406-14:42:20-dde7bed9a1366515f6889378b8159823.seminal.ml,3000,60.00131607055664,1,T,0,0
20060406-15:15:00-89b2ea1f6daa44f016f1115e5e7a0e5c.seminal.ml,500,1.2193868160247803,23,U,23,4
20060406-16:17:14-8a3de947b667000de8e1ae8f13f19ad5.seminal.ml,500,3.0786991119384766e-2,1,U,16,4
20060406-16:21:14-364e8a472f1d55e872c7f223d5767649.seminal.ml,500,1.0739641189575195,10,U,50,11
20060406-16:21:36-7bbc8e17d3da25fefc500f10db76996f.seminal.ml,500,0.36686205863952637,4,U,53,12
20060406-16:33:28-3e359e9c9b8723f54053d2ca78c3f996.seminal.ml,500,5.484795570373535e-2,2,U,39,7
20060406-16:51:34-f6a4b5a7a5903facda19e0431adb571e.seminal.ml,3000,60.002453088760376,1,T,0,0
20060406-16:55:42-d74890b981d3589d3da26b20eb3d9287.seminal.ml,3000,60.00537896156311,1,T,0,0
20060407-12:05:48-b0c22b01ad12500b1c4bf679d6fb1d2a.seminal.ml,500,2.0689010620117188e-2,2,U,23,7
20060407-12:38:30-642a84ce028494fa2e6f268cb01f2d6e.seminal.ml,500,9.503388404846191e-2,1,U,77,25
20060407-13:09:40-68fa1d749857b7c158fe3ea20c682917.seminal.ml,500,0.32103419303894043,3,U,101,22
20060407-14:04:36-4f6bd8de53c236abdacd46fda85bf207.seminal.ml,500,1.3299190998077393,9,U,143,35
20060407-14:09:40-7804fcbc75f8b1ecc35cb5f0b73b61e1.seminal.ml,500,1.7024850845336914,11,U,112,22
20060407-14:13:28-a922dd99a12b24c5e1535113889190b5.seminal.ml,500,1.3930819034576416,14,H,72,15
20060407-19:01:03-abd1f315759bb561fda04484cb139c03.seminal.ml,3000,60.01507091522217,1,T,0,0
20060407-19:05:44-5fc103089dd1d89d86c9c1b5d7749cf2.seminal.ml,3000,60.00434899330139,1,T,0,0
20060407-19:41:33-7f6991e60ba2fb91dfbf4ee0f2fbee98.seminal.ml,2500,60.00802707672119,1,T,0,0
20060407-20:43:07-5c966853d652348eb775115fde313289.seminal.ml,2500,60.00182104110718,1,T,0,0
20060407-22:11:48-f973eeb63f5f9db2f9feec0812c1b4e1.seminal.ml,1500,2.0918190479278564,1,U,982,185
20060407-22:23:32-b4b678d78faa53925ca15fc1f5bb7159.seminal.ml,1500,5.017186164855957,1,U,11,2
20060407-22:43:20-5c0b48e6862129272a152635d2fffb9f.seminal.ml,1500,12.178128957748413,2,U,13,3
20060407-22:43:39-0e0a265418f2ab15923390cbe2319fe1.seminal.ml,1000,7.162435054779053,1,U,3,2
20060407-22:58:54-33fb0f89929a29aeedba76680ae970bc.seminal.ml,500,1.0272140502929688,7,U,142,32
20060408-22:49:00-d7677aecaf225da83dfe298659b3af98.seminal.ml,2500,60.01014590263367,1,T,0,0
20060408-22:49:39-62b3d2f60005e371eb26262ca86f49d7.seminal.ml,2500,60.005990982055664,1,T,0,0
20060408-23:13:58-31888a7830c581fa2341c3dd0c854717.seminal.ml,500,1.4735937118530273e-2,3,U,15,5
20060408-23:22:14-3b63f43df03b8b00547e6d4bc27d4e97.seminal.ml,500,0.19216513633728027,6,U,17,5
20060408-23:25:43-af8743fb96b206fe5d43a8f1ffba9d59.seminal.ml,500,2.4723780155181885,49,U,39,9
20060408-23:28:03-17cf64e920a8226ad7e5c78cd6217862.seminal.ml,500,7.420110702514648e-2,6,U,16,4
20060409-00:07:29-26092bf6b0d197a7cad0d4c6a3b795e6.seminal.ml,500,5.7489871978759766e-3,1,U,2,1
20060409-15:05:26-8ff60256917627e3357b0b8561216a84.seminal.ml,500,11.801680088043213,75,U,205,56
20060414-10:15:40-92278a7bf8def4c58490ade009db5dcc.seminal.ml,1500,10.555543184280396,20,U,408,101
20060414-11:06:26-2e8f9d56c3e7c006332210cfc11dfc40.seminal.ml,500,2.7943134307861328e-2,1,U,5,1
20060414-12:08:08-1367481ed6b8e079d84ec7b99d06d824.seminal.ml,500,5.65190315246582e-2,1,U,25,1
20060414-18:56:18-975364d5af6fc324097b99df4af18792.seminal.ml,500,2.885103225708008e-3,1,U,12,2
20060415-22:25:48-14e1c11a58d9c3801bb7bab54912b31c.seminal.ml,500,5.689191818237305e-2,4,U,39,10
20060416-13:23:38-0530e1eaf713b518ff0e7e7a832ea50c.seminal.ml,500,2.968287467956543e-2,6,U,14,4
20060416-13:29:12-8de255153d5663cbcb8fad71f8dc4724.seminal.ml,500,4.346799850463867e-2,6,U,16,4
20060416-23:25:44-e7cce69a55cf521059786e569bdc1318.seminal.ml,500,0.14841485023498535,7,U,9,3
20060417-09:09:48-c1254f26855289d18929c3dffb68cc3d.seminal.ml,500,2.107095718383789e-2,4,U,7,3
20060417-22:20:54-16c6772d6fdb93e703aea2128369c509.seminal.ml,500,2.4641990661621094e-2,3,U,17,6
20060417-22:41:48-01a73c5b831c09060fa52a6d35b70d63.seminal.ml,1500,2.375108003616333,16,U,244,46
20060418-22:05:32-39fdd837557bc77c42f640f2b57c4bb7.seminal.ml,1500,33.21406698226929,1000,S,0,0
20060419-09:13:18-d2a4e8e4cefed9ee58f028d6ea15e910.seminal.ml,1500,39.073878049850464,307,U,177,40
20060419-09:24:44-b0e52bafc8fad4bc05a7ec92466c8a96.seminal.ml,500,4.873037338256836e-3,1,U,4,2
20060419-09:34:18-a751dc69b7fc8ed0ed2f3150f8f781e9.seminal.ml,500,0.12519097328186035,5,U,27,5
20060419-09:39:12-1b59d618af2b6777b32b06872235a1a5.seminal.ml,500,0.6337871551513672,7,U,252,57
20060420-11:57:34-64faf25cf828b203532860f001bbe336.seminal.ml,500,0.3032228946685791,13,U,87,22
20060420-12:58:02-dac428f4bb4abd4e1e1c736857e38c88.seminal.ml,500,3.6887168884277344e-2,3,U,4,2
20060420-13:26:40-295f6dadefdff9931a5b54c5f40a9631.seminal.ml,500,0.11766982078552246,12,U,22,5
20060420-13:38:24-ef3f2b6607c05aa2a3d64cc30f7e5587.seminal.ml,500,5.951664924621582,138,U,197,43
20060420-13:46:42-6b7b9df433faea187437ee73710fed1e.seminal.ml,500,0.5493030548095703,14,U,16,6
20060420-13:48:52-2d8bd63819a740a8529923125a96d7de.seminal.ml,500,0.29406189918518066,12,U,26,8
20060420-14:37:50-f4603d9b9411817f0e5686e3dc20bc8c.seminal.ml,500,4.0921926498413086e-2,7,U,8,2
20060420-14:42:50-174cee33963e34fe367d8a7099d076f7.seminal.ml,500,0.1731860637664795,15,U,9,2
20060420-14:53:50-33f59721c84171a9a81162de2a236e18.seminal.ml,500,0.10995101928710938,4,U,9,3
20060420-15:02:38-395fc7642049c949d9b40cf19e356a18.seminal.ml,500,3.548908233642578e-2,3,U,3,2
20060420-15:03:22-2f62bf710968390e0ca81dcbaf9ac350.seminal.ml,500,5.4437875747680664e-2,4,U,25,8
20060420-15:04:44-224ca4c8f96b2c6dcf0e1f035d8fdb0b.seminal.ml,500,3.4137208461761475,22,U,15,5
20060420-15:15:34-f3de90b032b1ab0acc55ba351230021b.seminal.ml,500,1.359395980834961,5,D,0,0
20060421-12:48:26-f3359f667b5a1876fd310f0292d7b57c.seminal.ml,500,1.1365141868591309,13,B,96,26
20060421-12:55:30-220009617aefd214b090b47a5f324eff.seminal.ml,500,0.22328400611877441,9,B,16,4
20060421-17:21:10-79fe2fbff99827a5b1379ba48f931116.seminal.ml,500,9.992122650146484e-4,1,U,3,2
20060421-17:38:10-9fedad806a399da07f601d1c08599c98.seminal.ml,500,7.526707649230957e-2,4,U,14,4
20060421-17:41:02-0838d2deac55fab6e99ca6a22f996fb7.seminal.ml,500,0.8510761260986328,25,U,14,4
20060421-18:24:24-ea21fd9a34b5cd724b1843a65c7ba4b1.seminal.ml,500,0.23381304740905762,5,U,8,3
20060421-18:54:48-531e81fe22a5c558cbd10d537c0e7a3f.seminal.ml,500,2.469372034072876,32,U,36,9
20060421-18:59:42-4693f912b79c1f8595120782f5618bfc.seminal.ml,1000,0.7220499515533447,29,U,31,6
20060421-19:09:48-c6e8c52f60ef4537806fbfce51ccfd37.seminal.ml,1500,60.03980207443237,1,T,0,0
20060422-14:27:16-f2f2d7b30c2ee14f630e6f99b177e544.seminal.ml,500,0.4729790687561035,11,B,18,5
20060422-14:32:10-515422d7b51cfe948920ecc7a6ce6025.seminal.ml,500,0.23401522636413574,8,U,34,9
20060422-14:34:46-6f7ee1ff7b2f1840f25b0b2ac4a619a1.seminal.ml,500,4.994138956069946,32,U,463,112
20060422-14:36:42-0f5feccefb217a4914f337274357c84a.seminal.ml,500,4.2901039123535156e-2,3,U,6,2
