Program,Time (sec.)
0,22.80891951599915
1,44.20821280100063
2,7.306158335999498
6,2.000414049000028
7,73.3775362489996
9,18.342808682000395
10,4.861789378001049
17,0.5589883430002374
23,0.4754848859993217
24,0.519680323999637
28,5.4980542630000855
29,1.7360207779984194
30,0.8677509350000037
31,1.506827233999502
32,5.0227158540001255
33,7.124517621999985
34,6.3035742709998885
35,1.5711636919986631
36,2.553376231000584
37,1.5215112019996013
38,17.05324364899934
39,43.43426443700082
40,77.61860696300027
42,1.9228437369965832
43,5.757934422999824
44,1.9804213470015384
45,13.772559592998732
46,8.475360993001232
49,6.537010330001067
51,2.632140846999391
52,0.46889007500067237
53,0.5092321060001268
54,0.526728410000942
55,0.5084077959982096
56,0.7522239799982344
57,0.6084176730000763
58,0.6438058429994271
59,0.6229295859993726
60,0.9340383140006452
61,0.49869623799895635
62,0.5051581789994088
63,0.9423476329975529
64,0.5106478199995763
65,28.485696071998973
66,30.176757934998022
67,8.757497705999413
69,4.6737372419993335
71,3.8362022660003277
74,14.637435691001883
76,6.3958005200001935
77,3.0899887289997423
79,12.061194138001156
80,11.855164415999752
81,21.75636568600021
82,0.6304000790005375
85,2.3049161069975526
86,1.422859032998531
88,3.3318897700009984
89,7.599057438997988
90,5.213952374000655
100,0.7252832369995303
101,3.2210718620008265
102,0.9850629930006107
103,1.4820176659995923
104,3.726570582999557
105,1.65414568700362
106,12.181879112002207
107,2.1251587250008015
108,2.7646498140020412
109,16.429483967000124
111,0.8710160789996735
112,0.8363560590005363
113,1.5567893700026616
114,6.395867895000265
117,3.774627668000903
119,1.029214582998975
120,1.0048422639993078
123,2.9255885210004635
124,2.097009929999331
125,2.0100166180018277
127,1.5819956399973307
128,1.676548842999182
137,68.26084368199736
138,81.77042863899987
139,74.90595754199967
140,77.4510369640011
142,33.07521149999957
143,46.253010762000486
144,11.046381156997086
145,12.046216209000704
146,13.972629195999616
147,5.690871396000148
156,23.313908954001818
158,4.705370284998935
159,1.5245299419984804
160,4.676341098998819
161,4.712866972000484
162,4.754913867996947
163,3.047482089998084
164,2.8300641599998926
165,1.6218258979970415
167,1.1881640470019192
170,1.1373917939999956
171,1.3258035799990466
172,1.4291644510012702
173,0.7543597379990388
174,1.6146389500026999
175,1.5157197740008996
176,1.409332547998929
177,4.09997489899979
178,1.3643074190003972
179,47.16205532100139
180,0.8778752489997714
181,0.8605414730009215
182,0.8484800920014095
184,15.353612311002507
187,2.1739875839994056
191,1.8695624100000714
195,0.9757072080028593
203,59.201597213999776
204,7.656626480998966
206,48.404919214000984
207,34.41397306699946
208,14.090151573000185
209,19.565482268997584
211,20.878268768999988
212,20.76773185699858
213,21.561761151999235
214,15.414432089000911
215,23.9250158750001
216,64.84885137099991
217,25.512074018999556
218,31.904187269999966
219,57.62147464900045
221,72.67291095100154
222,23.994758796001406
223,35.34519983299833
224,27.41142520199719
225,41.17895568500171
226,40.34769103099825
227,24.037319912000385
228,31.680714547997923
229,19.353633904000162
230,26.10118146199966
231,27.094041973999992
232,41.16004655099823
233,28.087985040001513
234,27.743803861001652
235,26.838275584999792
236,29.764647701002104
237,25.65278703399963
238,12.67279655099992
240,1.449873547997413
241,1.1408053349987313
242,0.7011484449976706
243,1.2064238829989335
244,1.1927012810010638
245,0.7914402729984431
247,21.8125703049991
251,35.053552050998405
253,3.687876193002012
261,24.38257276600052
266,2.746430056002282
267,2.6362692800030345
268,4.76663829500103
269,7.049467257998913
274,33.48613667400059
275,74.8272991269987
276,13.081255876000796
277,28.66571491600189
278,4.6993381370011775
281,88.5809451210007
288,55.60523281499991
289,45.3608233240011
290,6.012267095997231
291,64.78385114699995
295,33.12991109699942
296,0.46736689500176
297,0.4653865500004031
298,0.4713285719990381
299,0.8562221770007454
300,0.8218895589998283
301,0.611629761999211
302,0.7289298549985688
304,0.651735760999145
305,0.5590246690007916
306,0.5174820020001789
307,0.509970697999961
308,0.649772259999736
309,0.5376699049993476
310,0.6391901650022191
311,24.62854193900057
312,5.562017690997891
313,5.827704644998448
314,0.4766568150007515
317,25.63288203099728
318,7.4042126739987
319,8.244998463000229
322,32.40350277700054
326,1.9093950990027224
327,7.500535948998731
328,9.45786936100194
329,0.5030688309998368
332,9.047997535999457
333,4.418955632001598
335,38.952400019999914
336,21.914101962996938
339,78.2093788159982
340,7.820162691998121
344,2.7103518750009243
345,85.99018582200006
346,23.995983819000685
348,0.5181232329996419
350,5.75313902400012
356,1.437186096001824
361,7.676038260000496
363,8.530899306999345
364,9.06889958299871
367,35.727440369999385
368,8.530581320999772
369,20.693994491997728
373,22.540369465001277
376,1.7853465059997689
377,0.8377805529999023
378,3.219035599002382
381,4.034637134001969
382,45.349501536999014
383,42.86107395699946
384,34.19254400999853
385,10.498881198000163
387,16.188983856998675
388,6.5252628369999
390,3.1102631030007615
392,6.9590791880000324
393,16.423238286002743
394,18.870552165000845
395,31.07428467799764
396,63.9824192269989
399,20.34186510100335
400,25.522283466998488
401,30.32746755699918
402,12.405540716998075
403,40.56838330100072
404,12.489569196997763
407,72.13372278699899
408,6.033368722997693
409,22.801424597000732
410,19.61766486200213
412,29.929010777999792
413,28.888123732001986
414,7.805837212999904
415,33.724436204000085
416,9.232611281000572
417,9.430882440999994
418,9.661676037001598
419,11.50251713200123
420,24.620520462998684
421,20.56658664799761
422,24.408496629999718
423,45.24301223799921
425,26.450904699999228
426,22.246303125997656
427,10.991915088998212
428,21.74584747800327
429,7.8175735820004775
430,14.260925844999292
431,25.00796523399913
432,35.569828039999265
433,4.874059776997456
434,33.86888937800177
435,8.586767218002933
436,5.5386676199996145
437,4.632552515999123
438,9.78757705300086
439,4.340858718001982
440,4.651092456002516
441,4.7557577549996495
442,5.1418131639984495
443,74.64315682499728
444,84.54319797200151
446,39.26653751300182
447,31.0749049929982
448,11.255294088001392
449,27.735111391000828
450,67.09505577000164
451,31.457348416999594
453,12.218930607999937
454,16.114411552000092
455,28.653609877001145
457,43.100418653000816
460,28.959832848002407
464,87.12836565299949
472,49.51995544499732
473,0.6567333929997403
474,2.902681511000992
478,10.057195158002287
479,23.537728047998826
483,3.503931133000151
484,10.425982218999707
492,51.93636434400105
494,13.227664848000131
496,35.767104890001065
497,13.635184831000515
499,6.444968403997336
500,13.344903443001385
501,8.50509595100084
502,0.45519534099730663
503,0.9332560069997271
504,0.7540845479998097
505,0.695457122001244
506,0.7847494809975615
507,0.687143985000148
508,0.7851511820008454
509,0.909354194001935
510,0.7707640030021139
511,0.7789410079967638
512,0.4905586509994464
513,0.7462808700001915
514,0.47354905000247527
515,0.5479157989975647
516,0.5863819469996088
517,0.5988104349999048
521,2.1396426829996926
522,1.1172051200010173
525,5.54337094499715
528,4.4090237640011765
531,9.193440107999777
532,0.7604477670029155
533,1.3607173819982563
546,0.7610362260020338
547,0.7598524360000738
548,0.6333130880011595
549,0.4883547790013836
550,0.4741563470015535
551,1.1223106200013717
552,0.5574767300022359
553,0.5406602109978849
554,0.6740223319975485
560,2.228087264000351
561,2.2005909150029765
562,2.3831218390005233
563,2.271860681998078
565,4.71679586800019
566,4.855412551001791
567,3.155029593999643
568,3.155905129002349
569,17.067192528000305
578,1.437747957999818
588,0.890603972999088
589,2.0594079499969666
590,6.199915770001098
593,0.6538879129984707
594,0.6351860460017633
597,70.8562530379968
598,47.10680805800075
599,46.16124809300163
600,47.02185062300123
601,46.908459289003076
607,52.55898311200144
608,64.9186471690009
621,72.48002756599817
622,58.90706531199976
627,3.055923112002347
628,1.802818764001131
634,0.47967732299730415
635,0.4929036579997046
636,0.7987253290011722
637,0.484721503999026
638,0.491048244999547
639,0.7800532149994979
640,0.46637342600297416
641,1.4285298279974086
642,0.971218767001119
643,0.7274361889976717
644,0.8761187710006197
645,0.49081437200220535
646,0.49426629200024763
647,0.46880745200178353
649,0.7577303270008997
650,25.05482645400116
651,5.595526832999894
652,7.2034254649988725
654,0.7282353689988668
655,2.7849497259994678
657,2.7706017140008043
658,7.1839908360016125
659,4.972577889999229
667,14.232128359002672
688,3.3377366040003835
690,6.556368102003034
708,8.586372758996731
709,40.69538317900151
710,72.157458873
713,2.35053346100176
714,5.919284247000178
715,0.7546839319984429
716,0.7281444899999769
717,6.642167760997836
718,5.770805192001717
731,12.405117476999294
734,4.137075418999302
735,8.99182916400241
736,46.96352086299885
737,23.988694260999182
738,59.43483247800032
739,11.059331319000194
740,10.243002297000203
743,3.121192914000858
745,17.271460141997522
746,1.9582548490034242
747,1.979730256000039
751,1.245375161000993
752,5.46697037299964
753,1.4557930579976528
756,45.70416071699947
758,47.1069171099989
759,36.445210377001786
760,36.23130358900016
761,19.216890659001365
762,18.8705556490022
763,45.24295051499939
764,49.127822552
765,39.86725266299982
766,18.384406559001945
770,41.806454222001776
772,2.900538571000652
773,2.924170262002008
774,21.96619880000071
777,2.8841261390007276
780,0.9358372629976657
781,5.737125932999334
783,4.682408786000451
784,0.7446290609987045
786,30.94498658899829
787,9.931913472002634
788,17.200987192998582
789,54.65213347700046
790,8.943093884001428
793,22.74786566200055
794,8.853484624996781
796,56.40728520099947
800,3.0037199079997663
802,1.191848080001364
803,4.387539619001473
804,1.2634049139996932
805,0.9102258399980201
806,2.8532491969999683
808,6.823452835000353
809,8.836327036999137
810,8.844072411000525
811,43.13843434800219
812,17.00798994499928
813,5.855333930998313
814,8.659382908001135
815,37.655303360999824
816,8.648975077001523
817,6.313621763998526
818,15.502497023000615
822,1.6178226189986162
823,1.6050137640013418
824,1.4416813700008788
826,3.40650753799855
827,2.4876660519985307
828,5.702343879002001
831,58.603963960998954
832,9.296686527999555
833,1.7800428900009138
836,3.7377379270001256
837,1.552409718002309
838,1.074374406998686
839,3.730606171000545
844,73.42324589099735
846,52.604049346002284
850,79.14777229699757
851,80.87496678699972
856,77.03858386900174
857,2.055263787002332
858,9.788116821000585
859,63.60743213099704
860,24.58854557500308
861,2.2138742560018727
862,3.0505102980023366
863,6.48664420699788
864,3.027840823000588
865,3.0514324229989143
866,0.591292828998121
867,0.8889770599998883
868,0.8968008869996993
869,2.6887772869995388
870,19.030266333000327
871,3.8123077529999136
872,4.814352589997725
874,10.517873816999781
875,4.821898916001373
876,11.696810923000157
877,27.718861518002086
878,10.30311389200142
879,36.88671744800013
880,10.26157114900343
881,5.139522063000186
882,5.0700316980000935
883,0.4972217129979981
884,18.82259259500279
885,19.154950973999803
886,5.850200003002101
888,19.66157333799856
889,19.045869759000198
890,5.2021888960007345
891,5.901034422000521
892,6.1054393840022385
896,6.039067210000212
897,5.842923730997427
898,21.13886748599907
899,5.7177924559982785
901,1.2276470750002773
902,1.4874770099995658
903,48.323939346999396
904,56.48541345199919
911,7.363934621000226
916,18.2612046380018
923,19.75698669800113
924,10.345910841002478
926,21.205270682003174
930,1.9281331549973402
931,2.076291506000416
934,42.5415084999986
937,9.844857161999244
939,12.011956639002165
944,0.49603198399563553
945,0.5076324449983076
946,0.5487633240045398
947,0.795572656999866
948,0.5571596040026634
949,0.6255903729979764
950,4.70260449500347
951,4.733664206003596
953,18.87953485500475
954,6.619862917999853
962,4.9211171150018345
963,2.444248940999387
971,4.129641213003197
984,22.60684231799678
985,17.667891388999124
986,12.898054248995322
987,8.584047135998844
988,4.853543952005566
989,8.737866936004139
990,9.721088936996239
991,8.745488296000985
993,14.929555656002776
994,8.925965123999049
995,9.998797186999582
996,10.449083679995965
997,12.835357787000248
999,8.604063336999388
1000,21.09818369399727
1001,10.54611321700213
1007,11.290126176005288
1008,6.379486503996304
1009,10.219381340997643
1010,7.714153859000362
1011,7.9790720349992625
1012,33.04499762199703
1017,59.11291933499888
1018,43.35315229600383
1020,26.94759184400027
1021,80.12230504600302
1022,71.5766128059986
1023,50.09679832999973
1025,84.79559502600023
1026,84.77911848599615
1027,15.364314258993545
1029,35.95798045799893
1030,47.20242407799378
1032,47.44437783300236
1034,78.91396708500542
1035,35.70760657500068
1036,24.30762950499775
1046,2.9689991929990356
1047,2.9859784900036175
1049,3.0753800780003075
1053,27.695850412004802
1054,36.730301314993994
1055,17.505497375997948
1058,0.6077412689992343
1060,0.49747012999432627
1061,0.4774491370044416
1062,0.49928170399653027
1063,0.4845795330038527
1064,0.4739509339997312
1065,0.49889598000299884
1066,0.9298683639935916
1067,0.7609338010006468
1068,0.5629550269950414
1069,0.561161940000602
1070,0.4850901160025387
1071,0.7532396140013589
1072,0.4958881709972047
1073,0.9117269490016042
1074,2.1947895560006145
1075,0.7540679009980522
1076,0.5605699670049944
1077,0.7580295720035792
1078,0.9049850150040584
1079,0.5774096159948385
1080,0.9068952270026784
1081,0.5812550660048146
1082,7.350542473002861
1083,4.8197169409977505
1084,4.50318854800571
1085,4.564350054999522
1086,4.667545178999717
1087,3.645417463994818
1088,3.664094773994293
1089,4.7584099900050205
1090,4.7224013910017675
1092,33.48977098699834
1093,0.4935673240033793
1095,5.08713534999697
1096,0.6350693970016437
1098,58.42205304699746
1099,78.93399168200267
1100,73.56451875500352
1104,78.69061420999788
1109,85.00080589999561
1113,51.470589933000156
1116,88.82048465299886
1119,18.49867709600221
1120,80.57292365799367
1124,40.14849204100028
1125,64.83699783000338
1127,50.01074027700088
1130,58.92877066199435
1131,63.87702224900568
1132,51.32162213000265
1133,23.029760334997263
1135,21.10356675100047
1140,46.73031001400523
1141,36.191334442999505
1142,41.82833997699345
1152,44.921747719999985
1157,11.798210442997515
1158,7.330871550999291
1159,4.165573113001301
1160,15.4465462129956
1161,7.136828016999061
1165,3.981304599001305
1166,2.4894223230003263
1167,8.692703984997934
1169,9.221333173001767
1173,9.326616284997726
1176,5.972148323999136
1177,15.175005387995043
1178,13.924735013999452
1179,26.736986559000798
1184,44.366405376997136
1185,13.982922082002915
1186,2.8492138069996145
1187,0.7374366560034105
1188,1.4293205899957684
1193,1.3175897829933092
1194,2.597563987998001
1195,1.8186174130023574
1196,1.7435868829998071
1197,1.6932178260030923
1198,1.7924926990017411
1201,2.7333781529960106
1202,3.428069620000315
1211,1.7743651870041504
1212,0.5668511629992281
1213,0.8581258639969747
1214,0.5500387190040783
1215,0.7033072749982239
1216,0.6861725619965
1217,0.7618965919973562
1218,0.8568162150040735
1219,0.5858183620002819
1220,0.8644597809980041
1221,0.6407658620009897
1222,0.8858089540008223
1223,1.0517548999996507
1224,0.6491878369997721
1225,0.6637197419986478
1226,1.0499997450024239
1231,2.4370184729996254
1232,2.535252401001344
1249,16.774272966002172
1250,28.96666456800449
1251,26.712721156000043
1252,3.1653629369975533
1253,5.217245314997854
1257,66.27502973299852
1259,5.109673710998322
1261,0.5596527560046525
1262,1.0590798640041612
1263,0.6934257430038997
1264,5.972381444000348
1265,5.8040777089991025
1266,15.747464845997456
1269,0.8368194249997032
1275,1.2840333560016006
1276,2.4011162750030053
1277,7.256626802998653
1278,1.8178872680000495
1279,0.8153379680006765
1280,1.1653059969976312
1281,0.903579019002791
1283,3.2334400309991906
1284,3.1396950260023004
1287,2.7142295029989327
1289,3.2247233469970524
1292,22.64443339099671
1293,34.17418893899594
1294,13.661906508998072
1295,15.000506484000653
1296,25.586563967000984
1297,81.06049617499957
1298,68.61374934700143
1299,12.237990225999965
1300,13.50185611800407
1301,42.95569004400022
1302,63.523250284000824
1305,4.105374336999375
1306,4.09240461900481
1307,3.996647909996682
1308,4.172300138998253
1309,0.5919922899993253
1310,0.6606371310044779
1311,2.501431789001799
1312,0.6164317680013482
1314,0.4644548720025341
1315,0.8677845440033707
1316,1.0197254209997482
1317,0.64685245599685
1318,0.5242556009980035
1320,0.7691812850025599
1321,4.646975976997055
1322,1.9406413329998031
1323,1.1747579689981649
1324,5.411149972998828
1325,24.706587881002633
1326,8.615252032999706
1327,21.78450686600263
1332,78.7953073739991
1333,88.53782052399765
1335,2.8471709840014228
1336,3.066897254997457
1337,51.591945354004565
1368,10.100491006000084
1369,4.917130568996072
1370,5.414411585996277
1374,44.40877027699753
1377,12.479800578999857
1380,65.784037600999
1382,29.10306899099669
1383,13.015947975996824
1384,15.24063538700284
1385,34.13316065199615
1386,52.367050603999814
1390,5.934649075999914
1393,20.40424922099919
1394,15.365991022001253
1395,17.904837592999684
1396,21.25369606300228
1397,25.060694027000864
1398,0.7304420080035925
1399,0.7029293830055394
1400,0.723553483003343
1401,0.7241276380009367
1402,4.495777721997001
1403,2.2763780140012386
1412,17.015329568996094
1413,18.08529106700007
1414,5.639445890999923
1415,7.787155897000048
1416,53.43640555199818
1417,21.335029317997396
1418,29.12499731400021
1419,2.623608765003155
1421,3.7793682670017006
1422,3.4564731380014564
1423,1.6749753199983388
1425,2.2425145140005043
1428,1.2678767870020238
1429,1.8590595589994336
1431,2.88222281599883
1434,2.870064007998735
1436,9.084047678996285
1448,2.3461632390026352
1450,0.8651087010002811
1477,12.322334158001468
1478,15.053832993005926
1479,7.397852880996652
1480,85.66122750599607
1481,5.661378279997734
1482,2.2844890690030297
1483,2.4167150060020504
1485,2.1859958480054047
1486,2.1912833969981875
1487,11.302652450001915
1488,35.72535621099814
1489,14.552384578993951
1490,32.50025562699739
1491,2.172523930996249
1492,2.1153345040002023
1493,2.19324563400005
1494,2.2029209330066806
1495,1.7966653940020478
1496,2.4999903209973127
1497,3.0812422899980447
1498,2.6893937310014735
1499,12.792148679000093
1511,8.813329825003166
1512,67.65629705000174
1514,0.5973611730005359
1515,0.6188395240023965
1516,0.5290466740043485
1517,1.053586225003528
1518,0.9763294459989993
1521,8.758986184002424
1522,15.820681251003407
1526,5.28496924299543
1528,9.908568680999451
1530,9.200387048003904
1531,13.27433826100605
1532,55.81088896300207
1533,37.68185083199933
1534,14.671155676995113
1535,18.35537403500348
1536,45.2907784880008
1537,39.07487851699989
1538,45.75315446300374
1539,7.0685646629935945
1540,19.380958661000477
1541,19.761113715001557
1542,15.654806408005243
1543,17.862677026998426
1544,21.24986744099442
1545,20.184450911001477
1546,17.40387163500418
1547,17.661036424004124
1548,4.56279362400528
1549,24.75770538800134
1550,25.33644970200112
1551,32.928965332997905
1552,34.48268420099339
1554,18.0219253260002
1560,2.5740995019950788
1562,33.51507904200116
1563,13.858315758996469
1564,31.195828654999787
1565,2.900155495000945
1566,3.8613379989983514
1567,3.7776594079987262
1568,2.8684847179974895
1569,3.975836151999829
1571,8.658479953002825
1572,5.063197987001331
1574,3.9944633369959774
1575,4.56509345700033
1577,70.23762482000166
1578,63.154787464001856
1579,37.94387629200355
1580,59.10924448999867
1581,39.697782717994414
1582,61.32481454200024
1583,5.214347801003896
1584,5.50677412100049
1585,27.304975078994175
1586,30.86648030100332
1587,5.261741693997465
1589,1.0627759659982985
1590,5.031448970999918
1591,9.759385472003487
1592,4.214400936005404
1595,1.1139499510027235
1596,0.9163219469992328
1597,1.745541611999215
1598,1.8752411999957985
1599,1.4519869459982147
1600,1.4057667989982292
1601,2.404261708004924
1602,1.8221819019963732
1603,1.645661429996835
1605,0.8012129240014474
1607,1.8736097319997498
1608,3.2864719119970687
1609,2.767620402002649
1610,2.1446644110037596
1612,1.4790549020035542
1614,1.5380654620021232
1615,0.8222249170066789
1621,2.8310544220003067
1622,1.5266415760052041
1624,1.431175345001975
1628,1.5476107300055446
1629,1.4799588900059462
1630,1.9010753950060462
1640,16.701435575996584
1641,13.036614513999666
1642,52.37247585500154
1643,7.508948052003689
1644,34.183493678996456
1645,34.88358490200335
1646,40.27452849799738
1647,0.8055691319968901
1652,63.98090586900071
1653,78.87817533199996
1656,60.274504224995326
1657,28.60435409600177
1658,78.11715484200249
1659,60.544093274998886
1661,74.58310889999848
1662,62.39667509900028
1663,31.64307753900357
1664,22.663861100001668
1665,21.717499714999576
1666,46.89310501
1667,17.6752907830014
1669,0.9200073270039866
1670,0.9699031209966051
1671,1.0662236040006974
1672,6.047682272997918
1673,6.535746312998526
1674,17.16126668099605
1675,6.400502101998427
1676,7.591025861001981
1677,2.3818233540005167
1679,2.4821134190060548
1681,1.8827646860008826
1682,1.4164798349956982
1683,1.1595457080038614
1684,1.317561197996838
1685,1.3746012850024272
1690,1.6034752920022584
1695,25.023319689003984
1698,4.460512900004687
1699,81.6577148399956
1700,3.2868034740022267
1702,3.4190653080004267
1703,3.3572741909956676
1704,3.3485276299979887
1730,29.26094972300052
1731,16.606617272998847
1732,17.772336396003084
1733,23.586197778000496
1734,11.886337541000103
1735,22.884746785995958
1736,37.44442931799858
1737,13.490117477995227
1738,23.390477558001294
1739,21.20450907999475
1740,18.347423221006466
1741,19.008657350001158
1742,5.067306040000403
1743,27.97689326499676
1744,0.7810527770052431
1748,4.53961793200142
1752,4.20526384900586
1753,1.00839157300652
1754,1.934396206997917
1755,1.0463254300047993
1756,3.7866960750034195
1757,4.280399182003748
1758,1.1785622600000352
1759,8.587020237995603
1762,81.17918078799994
1763,78.65348093999637
1764,13.702999239998462
1765,6.007962871000927
1766,16.191438899004424
1767,72.62406485199608
1769,24.84676492700237
1770,35.23825513599877
1772,31.51430862500274
1774,2.7244966279977234
1775,2.4630034399961005
1776,2.5245679680010653
1777,2.7074794250002014
1778,2.407592184994428
1780,22.383629068994196
1781,10.905965056997957
1782,9.780454778003332
1783,37.3092101719958
1787,4.196004981997248
1788,17.90171369300515
1789,18.645932968000125
1790,19.96594201699918
1791,20.361781298001006
1792,18.079742297995836
1793,7.6019224479969125
1799,3.652537826994376
1800,16.337174345993844
1801,15.41977289100032
1802,81.93313146899891
1803,3.5114138900025864
1804,6.401165092000156
1805,3.9207803110039094
1806,2.324738344999787
1807,2.8597906719951425
1808,3.5887215139955515
1810,2.3672745090007083
1814,1.5126487339948653
1815,1.0039238769968506
1816,1.4151998889938113
1822,82.22334799499367
1825,9.91984136300016
1826,90.00221003299521
1844,2.6034496810025303
1846,2.7666620809977758
1847,1.5493670139985625
1848,1.430347207999148
1849,0.83088549200329
1850,3.1756387569985236
1851,0.8283054119965527
1852,0.8114119969977764
1853,0.7950734519981779
1854,0.8703624280024087
1855,1.6392405049991794
1857,20.477779786997417
1858,11.13615664599638
1860,24.72159342499799
1862,1.6066668849962298
1864,0.9046731159978663
1865,0.9031006080040243
1867,17.210919333003403
1868,0.7863972889972501
1869,1.670977721005329
1871,1.7588835909991758
1872,1.3643567580002127
1873,1.3977332779977587
1874,1.362430907000089
1875,1.4063869820020045
1876,1.3676849840048817
1877,1.3368100180014153
1879,6.993971093004802
1880,2.888898134995543
1882,6.642753050000465
1883,1.2769701180004631
1885,10.176275897996675
1888,30.98498177700094
1889,81.04179154299345
1890,74.76302951099933
1893,8.744800988999486
1894,8.103926235999097
1896,8.445250167002087
1897,63.82479556999897
1901,3.42293000400241
1902,5.527493339002831
1903,11.894327424997755
1904,12.379385252002976
1905,8.365920071999426
1906,10.043491702999745
1907,20.2624239900033
1908,20.319241755001713
1909,3.0569806810017326
1910,0.6410295919995406
1911,0.6589480809998349
1912,0.6636438830028055
1914,1.1114151180008776
1915,1.6351050719968043
1916,1.9774364700060687
1917,0.881525545999466
1920,57.58840680499998
1923,1.3646526119991904
1926,2.1049731519960915
1927,4.215054953994695
1928,2.1219717530038906
1930,0.7890264730012859
1931,0.9602236700011417
1934,23.897640869996394
1936,31.03294956999889
1937,42.41251523599931
1938,26.859915866996744
1942,60.887330476994975
1943,24.224256420995516
1947,0.9335618339973735
1960,87.05878015200142
1961,47.32626686700678
1966,14.21317755599739
1968,6.776842100000067
1969,14.025308786003734
1970,45.509291132002545
1971,43.36795934700058
1972,7.379983134997019
1973,19.812966429999506
1974,12.136413271997299
1975,0.9197932530005346
1976,0.6179759459992056
1977,0.5259353249930427
1978,0.7709079699998256
1979,0.6719676150023588
1980,0.5352096039932803
1981,0.8421834000037052
1982,0.614695963995473
1983,0.7983988260020851
1985,0.6051821889996063
1988,9.954278804994829
1989,0.5416884430014761
1990,0.5334997899990412
1992,1.8235684769970248
1993,5.482394910002768
1997,4.982259842996427
1998,34.955055881997396
1999,37.45804774299904
2001,41.972386409004685
2003,76.62052452100033
2006,11.331999115005601
2007,60.30515487299999
2011,2.902502466000442
2014,3.8477920180012006
2015,23.15012220600329
2016,14.522667874996841
2017,59.224103728993214
2018,11.803935099000228
2019,1.483701782002754
2024,86.13912623499346
2026,55.068323498999234
2027,53.147016386996256
2034,8.745364216003509
2037,2.8677737759935553
2039,0.8534128140017856
2040,1.106948114997067
2041,1.3722116650023963
2042,1.9438877009961288
2043,1.4711558900016826
2044,1.8447663909973926
2045,1.9196835990005638
2046,1.1338627209988772
2047,2.4329078959999606
2048,5.02209579799819
2049,2.2814764230060973
2050,56.091947968998284
2051,11.19019301499793
2052,66.11292516800313
2053,42.07372584400582
2054,63.82571431100223
2056,1.9359989810036495
2059,10.718130150999059
2060,12.467878688999917
2062,5.966064218999236
2063,26.611014063993935
2064,49.52523356000165
2065,51.44643822999933
2067,12.438915671998984
2074,7.34674940900004
2076,10.352093624998815
2077,7.91161540900066
2078,3.6121434989981935
2079,2.1701870570032042
2080,50.93635498199728
2081,6.676004323002417
2082,11.437144381998223
2085,31.88774714500323
2086,39.19887729000038
2088,9.33248214199557
2090,22.6946389980003
2091,8.214058044999547
2092,4.0880382920004195
2093,5.214152078995539
2094,7.682443503996183
2095,2.184096799006511
2108,1.1891388400035794
2109,43.877509077996365
2110,40.42398037500243
2111,25.481458802001725
2112,24.771587094001006
2113,6.088048084995535
2114,6.346216785997967
2116,13.876820074001444
2117,5.886304036997899
2118,6.162761199004308
2121,0.6186295190054807
2122,0.503584022000723
2124,2.0575915040026302
2125,17.433620266994694
2126,4.850385571997322
2127,0.6480766870008665
2128,0.7496871539988206
2129,0.560776539001381
2130,0.53857589999825
2131,1.4077010649998556
2132,5.765386548002425
2146,22.073328827995283
2147,22.215552991998265
2150,31.896791898005176
2151,44.54903293899406
2152,10.727039972000057
2156,48.45390298699931
2160,25.323950163001427
2164,0.6033548280029208
2165,1.3848076009962824
2166,1.2452936090048752
2167,1.7210584540007403
2172,59.3971925789956
2173,6.617351909997524
2175,4.439402798001538
2176,0.587719028997526
2177,1.4106346499975189
2178,1.2249481339968042
2179,0.7186852369995904
2180,0.9616954949960927
2181,33.212098907002655
2184,3.8949507479992462
2185,8.632289155000763
2186,24.751376910004183
2187,22.613933066000754
2188,43.964063507999526
2189,40.243684316003055
2190,0.9568412900043768
2191,1.05363356199814
2200,12.844900278003479
2201,22.93569276099879
2202,10.837041033999412
2203,10.1558318660027
2204,29.904671908996534
2207,18.31197128700296
2211,5.699692014997709
2212,3.5832687680012896
2213,3.70711558599578
2217,20.158325272001093
2218,1.717547338004806
2220,0.9608244720002403
2221,0.8613006879968452
2222,0.8386994419997791
2223,0.9325729039992439
2224,3.1768926509976154
2225,8.308012643006805
2227,75.20816194100189
2228,50.55101657100022
2229,36.048304846000974
2230,44.52695356900222
2231,77.86906857800204
2232,43.58496482099872
2233,55.65750925299653
2239,12.752538589003962
2240,19.760730556001363
2261,2.48737350400188
2263,26.90740932799963
2264,55.5397765289963
2265,66.62293048200081
2266,67.9755710390018
2268,24.352090313994267
2269,12.275698987999931
2270,12.859144732996356
2272,11.463445059998776
2273,24.374035277003713
2274,27.36339615900215
2275,30.912234282004647
2276,76.59383746000094
2277,31.314960021001752
2279,0.7187016739990213
2280,0.6795983070041984
2281,0.9337057279990404
2282,0.7049156459979713
2283,68.74317930899997
2285,5.835488442004134
2295,10.811814297005185
2306,22.805938220997632
2307,5.279928793999716
2308,4.847223235999991
2309,1.4750765620046877
2310,1.4844150919961976
2311,2.226223855999706
2319,3.164885610996862
2332,0.7135106030036695
2334,1.9401291140020476
2335,0.9079782960034208
2336,0.9237623159933719
2338,22.380447900002764
2339,4.157298304999131
2342,4.693979962001322
2344,10.00490974499553
2346,6.579957934998674
2351,19.16406314699998
2352,20.498296719997597
2353,19.857328457997937
2354,19.63938215399685
2355,2.1360215180029627
2356,2.202289507004025
2357,2.2133635919963126
2358,3.2889133019998553
2360,16.67910992399993
2361,2.4577565739964484
2362,1.34181787900161
2365,0.9681599569958053
2367,1.7020787259971257
2369,3.870464956999058
2370,8.326207881997107
2372,4.249939137996989
2373,2.41676866600028
2374,5.78675914699852
2375,83.73980415800179
2387,33.390700795003795
2401,27.81180860799941
2402,9.523891123004432
2408,35.81247685699782
2409,38.01410300000134
2410,18.63760219499818
2412,17.19993822300603
2413,16.625877570004377
2414,0.6641207160064369
2415,3.113759947998915
2416,76.90912215499702
2417,76.6555199439972
2418,70.77287181699648
2420,20.18118702799984
2421,29.527489070002048
2422,49.951461994001875
2423,16.36300809700333
2424,15.972764231999463
2425,36.12560807299451
2426,16.461436292993312
2427,23.668988890996843
2428,35.266567720005696
2429,67.08110226199642
2430,17.421835551002005
2431,16.563060034000955
2432,17.3835058820041
2433,17.317261242002132
2434,17.527031833000365
2435,31.642365255000186
2437,44.3987293839964
2438,17.766978001003736
2439,44.84988827699999
2440,17.9881098199985
2453,0.48749575600231765
2454,0.5321865580044687
2455,0.5501744779976434
2456,0.6487274870014517
2457,0.6815493050016812
2458,0.6688419439960853
2459,0.8232584569996106
2460,0.6204578949982533
2461,0.6994810809992487
2462,1.0173125479996088
2463,0.6932637089994387
2464,0.9513064279963146
2465,6.007072691994836
2466,15.976495832001092
2467,5.5784172090061475
2469,1.5225122140036547
2470,1.5562521789979655
2472,0.9221921639982611
2474,63.165592523997475
2476,45.63710420700227
2477,68.02081281100254
2481,3.0637661459986703
2482,0.5349839870032156
2487,5.145203852996929
2488,2.491913628997281
2489,13.129319477993704
2491,23.01306240800477
2514,3.7355163829997764
2515,22.974694270997134
2516,23.292075460994965
2517,22.849992900999496
2518,23.34969922000164
2519,0.6776012049958808
2520,1.1500902820043848
2521,2.352110897001694
2522,2.175694763995125
2523,17.05204666300415
2524,13.128889808001986
2528,70.92052701099601
2537,34.80821545299841
2541,36.35936580500129
2542,77.19155810899974
2544,1.7805116139934398
2545,4.482357360000606
2549,30.471951358005754
2554,81.45239225599653
2556,23.77007121299539
2558,0.612574996004696
2559,0.5194917129992973
2560,0.7340161350002745
2561,0.7768600830022478
2562,1.0047973170003388
2563,1.2075959659996442
2564,0.9829649580060504
2565,0.9761643439996988
2566,0.7039682059985353
2567,0.7636425329983467
2568,0.5463140430001658
2569,4.871541626998805
2570,11.754436666000402
2580,4.556800720994943
2581,9.711805338993145
2583,65.45895711699995
2584,58.00442393000412
2587,2.844034390000161
2588,33.14915710599598
2589,19.840325547993416
2591,18.355796860996634
2592,12.544842151997727
2594,2.5036614049968193
2595,2.5184173669986194
2596,2.4707473410016974
2597,1.7875403630023357
2598,1.649653207998199
2601,21.045570476002467
2602,4.561548822995974
2603,0.8762881189977634
2604,1.420408445999783
2606,37.86949772099615
2609,5.533012004001648
2610,5.096934955996403
2611,4.014677411003504
2612,16.287114534003194
2613,0.68156752899813
2614,0.5556853019952541
2615,1.0400179420030327
2616,0.6518905199991423
2617,1.0123665739956778
2618,0.6449326510046376
2619,0.6471502970016445
2620,1.0270825889965636
2621,1.0365854320043582
2622,0.8697806000054698
2624,33.294056147002266
2625,31.660982033994514
2626,33.16462771000079
2627,33.53485526100121
2629,28.444851588996244
2630,60.38578795400099
2635,18.000483945004817
2636,26.480879296999774
2637,57.62933932899614
2638,32.09675523999613
2639,26.586303078001947
2640,0.5653270420007175
2650,21.694787808999536
2652,22.247967908995633
2653,20.28563994399883
2654,21.596280596000724
2655,5.7518397829990136
2661,13.953027820003626
2664,14.951404432002164
2665,18.52029714499804
2666,17.381276115003857
2667,30.963898454996524
2668,0.8170403469994199
2669,4.216841494002438
2670,1.4007563549967017
2673,0.662160029001825
2674,0.538695415998518
2675,0.9998467760015046
2677,35.49068674300361
2679,2.631527866004035
2680,2.990615243994398
2681,2.683790738003154
2686,1.6699913130069035
2689,2.7420406239980366
2697,52.74146663900319
2698,9.24771310199867
2699,2.5879750380045152
2701,2.7574498179965303
2705,4.404593428997032
2706,4.389494824004942
2709,4.689545460998488
2710,9.521382118000474
2713,18.203432394999254
2714,20.939083629004017
2716,9.792516269000771
2717,10.035672719001013
2718,16.45715912599553
2719,19.527269199999864
2720,2.100305590996868
2721,7.712994709996565
2722,7.953345575006097
2723,52.498023013999045
2724,15.219181981003203
2725,54.443356313997356
2726,78.47989673700067
2727,19.357228218003
2728,15.146036004000052
2729,34.54099158199824
2730,60.684763467994344
2731,79.35488464299851
2732,21.080267505996744
2733,48.39807334700163
2734,44.95421343600174
2735,31.2225496989995
2737,28.692290562998096
2738,27.596050412001205
2739,33.04532165699493
2744,73.75440787900152
2745,76.3906077970023
2746,57.23835871399933
2752,3.422844886998064
2753,0.7582763519967557
2754,17.11652855599823
2755,16.500027917994885
2756,15.786986368002545
2757,14.513807071998599
2758,21.472490945001482
2759,20.511863004001498
2760,11.202010174994939
2761,5.70895001199824
2762,15.918226396999671
2763,3.4700624800025253
2764,4.1679190790018765
2765,26.705746277002618
2766,2.2650332680059364
2768,5.078620180000144
2769,5.201790286999312
2770,9.31109254200419
2772,2.124655403000361
2773,1.6670762130015646
2774,47.502003307999985
2775,48.9661951389935
2776,14.530749220997677
2778,6.286550641001668
2781,0.6154579819994979
2782,0.5087628139954177
2785,0.5647024610007065
2786,0.9311307859970839
2787,0.8871006440022029
2789,0.5471178389998386
2790,1.090376035994268
2791,0.5510689460061258
2792,0.5444758710000315
2793,0.9523440349948942
2794,0.5423112170028617
2795,0.6108536109968554
2796,0.7216416800001753
2797,0.5348651390013401
2798,0.5759279970006901
2799,0.5501043580006808
2800,0.5310447769952589
2803,0.6233468889986398
2804,0.6068312360002892
2805,0.5812630439977511
2806,1.0224859699956141
2807,0.593974192001042
2808,0.9798824719982804
2809,0.5184593509984552
2810,0.8480848489998607
2812,0.611464232999424
2813,0.5683151620032731
2814,0.5225254819961265
2815,0.5855934130013338
2816,0.6034934999988764
2817,0.6139355350023834
2818,0.5506549989950145
2819,0.9717155149992323
2820,0.9719094930042047
2821,0.9936462089972338
2822,0.9850788090043352
2823,0.6156583840056555
2824,0.9931001539953286
2825,1.0268836680043023
2826,0.8306941379996715
2827,0.8528546349989483
2828,0.5452950179969775
2829,1.0168374290005886
2830,1.0012287839999772
2831,0.5960618940007407
2832,0.9595555539999623
2833,0.6233344530046452
2834,3.391714965000574
2835,0.6484117390064057
2836,0.7121860569968703
2837,0.6509052249966771
2838,0.675612622006156
2839,0.8482688469957793
2840,0.5479831609991379
2841,8.791215737001039
2842,5.062698540001293
2843,25.82876116300031
2844,27.131995220996032
2845,25.16112902000168
2846,5.584645408001961
2847,5.090630965998571
2848,5.172171944002912
2849,5.085231240002031
2850,26.545773030004057
2852,4.975013618997764
2853,5.90313475599396
2854,5.46297324400075
2855,43.6979450170038
2856,16.16551384900231
2858,35.612593309997465
2859,0.5033303579984931
2860,0.9062192409983254
2861,1.0401456660038093
2862,0.541774899000302
2863,0.5838845530015533
2865,0.6678516619940638
2866,0.5735264399991138
2867,0.7195052690003649
2868,0.6336685610003769
2869,0.534819389002223
2870,0.5068227039955673
2871,0.6065697309968527
2873,0.619607228996756
2874,0.5328084270004183
2875,0.5205815910012461
2876,0.5106752700012294
2877,0.6227986049998435
2879,0.888743440998951
2919,24.005043356009992
2920,20.226207626998075
2921,21.13879788000486
2922,17.352131851002923
2923,17.64685138699133
2924,1.930938357996638
2925,50.38908162798907
2926,33.03792249900289
2927,40.198893495005905
2928,38.170445946001564
2929,17.69442740699742
2930,24.26468903600471
2931,23.49951851699734
2933,63.665002160007134
2936,70.7676864979876
2937,83.74700722699345
2938,46.36703232199943
2939,50.05936946399743
2940,67.34806058900722
2941,61.19829702899733
2942,83.50545995100401
2943,45.96372174999851
2945,64.58946551599365
2947,63.14110949898895
2956,60.57110160100274
2961,3.3334902490023524
2964,0.722596812993288
2965,0.9607557770068524
2966,0.985698966003838
2968,0.6849257699941518
2969,0.7408505240018712
2970,82.3065236560069
2972,16.743894876999548
2974,23.330194335998385
2976,15.94644418200187
2977,50.54075794799428
2985,0.5636063620040659
2986,5.180646671986324
2987,5.95726437799749
2988,5.958661594995647
2990,22.233818754000822
2992,74.55210183800955
2995,54.715725939997355
2996,65.19748581500608
2997,82.00179455000034
2998,48.66257265600143
2999,67.0394899360108
3000,56.46645472799719
3001,69.04668174500694
3003,34.439824651999515
3004,26.69708900099795
3005,31.497347693992197
3012,2.118304924995755
3015,42.199462721997406
3016,21.349550559010822
3017,0.5359235490032006
3018,0.9722600980021525
3019,0.5968633200100157
3020,0.6296247510035755
3021,22.312397770001553
3025,29.234558213996934
3028,62.83754522699746
3029,31.534205755000585
3032,20.75547268599621
3049,77.208462812996
3054,49.98182018000807
3058,70.86442594999971
3059,0.7127379049925366
3060,1.0437254199932795
3061,1.5575295659946278
3062,1.394134675996611
3063,0.5857537989941193
3065,0.6084285030083265
3066,0.518898480993812
3067,0.8026669999962905
3068,0.6571089119970566
3069,0.8160560320102377
3070,0.7988516690093093
3071,0.5185159730026498
3072,0.5024931410007412
3073,0.5096963010000763
3074,7.752611725998577
3075,7.7920647249993635
3076,3.6839953349990537
3079,1.0761068310093833
3082,47.926401479999186
3085,4.291161336004734
3086,9.626635963999433
3087,24.47961507498985
3089,18.98201894700469
3090,18.368610102988896
3091,17.90432868800417
3093,1.5228018079942558
3095,6.444889463993604
3096,5.3078613440011395
3100,79.23083905299427
3101,13.87734503300453
3106,16.60258704300213
3107,34.65140507998876
3108,2.205202940996969
3109,0.6876880329946289
3110,0.7044910990080098
3111,0.8967154509882675
3112,3.075433238002006
3113,2.147047271995689
3114,3.113955895998515
3115,2.687637352006277
3117,0.8867919449985493
3119,31.10945578099927
3121,9.17442512800335
3122,7.772915194000234
3125,2.967881415010197
3126,11.848898689000634
3127,12.775723996004672
3128,12.875586723006563
3129,2.208812165001291
3130,2.1337791880068835
3131,3.3606211300066207
3135,24.00858261200483
3136,5.518718759994954
3137,2.6500749139959225
3138,3.4247725190070923
3139,9.652570168997045
3140,3.5224612160091056
3141,3.490736288993503
3142,12.715285347992904
3143,2.310075147994212
3144,2.2707422799867345
3157,26.72523011699377
3162,26.68916887100204
3163,65.97762413701275
3165,44.39425913000014
3166,31.53947924300155
3170,37.11568089600769
3174,85.82193247500982
3175,45.72866452400922
3176,66.06597912199504
3177,66.87675199600926
3182,82.17469873301161
3183,68.59377255500294
3186,66.73068872600561
3189,89.217380564005
3194,59.96800362000067
3207,13.855089730001055
3208,14.009236140991561
3209,34.28004972299095
3227,5.842011068001739
3228,5.3360260740009835
3229,19.451932363008382
3230,4.770184410997899
3235,16.440234087000135
3238,0.6940053190046456
3239,0.741818163995049
3241,0.7243025010102428
3242,0.6669624269998167
3243,0.6845418540033279
3245,0.6857540519995382
3246,0.5490071170061128
3247,0.8157489980076207
3248,0.6317214309965493
3255,5.777834587002872
